<?xml version="1.0" ?>
<LOG_ROOT>
	<PROJECT NAME="m4_1">
		<CBX_INST_ENTRY INSTANCE_NAME="|m4_1|lpm_divide:Div1" CBX_FILE_NAME="lpm_divide_0dm.tdf"/>
		<CBX_INST_ENTRY INSTANCE_NAME="|m4_1|lpm_divide:Mod0" CBX_FILE_NAME="lpm_divide_05m.tdf"/>
		<CBX_INST_ENTRY INSTANCE_NAME="|m4_1|lpm_divide:Mod2" CBX_FILE_NAME="lpm_divide_65m.tdf"/>
		<CBX_INST_ENTRY INSTANCE_NAME="|m4_1|lpm_divide:Div0" CBX_FILE_NAME="lpm_divide_bem.tdf"/>
		<CBX_INST_ENTRY INSTANCE_NAME="|m4_1|lpm_divide:Div2" CBX_FILE_NAME="lpm_divide_tcm.tdf"/>
		<CBX_INST_ENTRY INSTANCE_NAME="|m4_1|lpm_divide:Mod1" CBX_FILE_NAME="lpm_divide_05m.tdf"/>
		<CBX_INST_ENTRY INSTANCE_NAME="|m4_1|lpm_divide:Mod3" CBX_FILE_NAME="lpm_divide_s7m.tdf"/>
	</PROJECT>
</LOG_ROOT>
